pearson_correlation,pearson_pvalue,spearman_correlation,spearman_pvalue,num_edges_analyzed
0.01756361,0.07904162664826629,0.10678482592999505,9.358367549217836e-27,10000
