layer,mean_attention,std_attention,min_attention,max_attention,num_edges
1,0.068147704,0.09199402,2.9692455e-05,0.83732647,2484941
2,0.0681477,0.08962085,4.637574e-05,0.65041023,2484941
